﻿{
  "auditReportVersion": 2,
  "vulnerabilities": {
    "axios": {
      "name": "axios",
      "severity": "high",
      "isDirect": true,
      "via": [
        {
          "source": 1108263,
          "name": "axios",
          "dependency": "axios",
          "title": "Axios is vulnerable to DoS attack through lack of data size check",
          "url": "https://github.com/advisories/GHSA-4hjh-wcwx-xvwj",
          "severity": "high",
          "cwe": [
            "CWE-770"
          ],
          "cvss": {
            "score": 7.5,
            "vectorString": "CVSS:3.1/AV:N/AC:L/PR:N/UI:N/S:U/C:N/I:N/A:H"
          },
          "range": ">=1.0.0 <1.12.0"
        }
      ],
      "effects": [],
      "range": "1.0.0 - 1.11.0",
      "nodes": [
        "node_modules/axios"
      ],
      "fixAvailable": true
    },
    "nodemon": {
      "name": "nodemon",
      "severity": "high",
      "isDirect": true,
      "via": [
        "simple-update-notifier"
      ],
      "effects": [],
      "range": "2.0.19 - 2.0.22",
      "nodes": [
        "node_modules/nodemon"
      ],
      "fixAvailable": true
    },
    "semver": {
      "name": "semver",
      "severity": "high",
      "isDirect": false,
      "via": [
        {
          "source": 1101088,
          "name": "semver",
          "dependency": "semver",
          "title": "semver vulnerable to Regular Expression Denial of Service",
          "url": "https://github.com/advisories/GHSA-c2qf-rxjj-qqgw",
          "severity": "high",
          "cwe": [
            "CWE-1333"
          ],
          "cvss": {
            "score": 7.5,
            "vectorString": "CVSS:3.1/AV:N/AC:L/PR:N/UI:N/S:U/C:N/I:N/A:H"
          },
          "range": ">=7.0.0 <7.5.2"
        }
      ],
      "effects": [
        "simple-update-notifier"
      ],
      "range": "7.0.0 - 7.5.1",
      "nodes": [
        "node_modules/simple-update-notifier/node_modules/semver"
      ],
      "fixAvailable": true
    },
    "sharp": {
      "name": "sharp",
      "severity": "high",
      "isDirect": true,
      "via": [
        {
          "source": 1094888,
          "name": "sharp",
          "dependency": "sharp",
          "title": "sharp vulnerability in libwebp dependency CVE-2023-4863",
          "url": "https://github.com/advisories/GHSA-54xq-cgqr-rpm3",
          "severity": "high",
          "cwe": [],
          "cvss": {
            "score": 7.8,
            "vectorString": "CVSS:3.1/AV:L/AC:L/PR:N/UI:R/S:U/C:H/I:H/A:H"
          },
          "range": "<0.32.6"
        }
      ],
      "effects": [],
      "range": "<0.32.6",
      "nodes": [
        "node_modules/sharp"
      ],
      "fixAvailable": true
    },
    "simple-update-notifier": {
      "name": "simple-update-notifier",
      "severity": "high",
      "isDirect": false,
      "via": [
        "semver"
      ],
      "effects": [
        "nodemon"
      ],
      "range": "1.0.7 - 1.1.0",
      "nodes": [
        "node_modules/simple-update-notifier"
      ],
      "fixAvailable": true
    }
  },
  "metadata": {
    "vulnerabilities": {
      "info": 0,
      "low": 0,
      "moderate": 0,
      "high": 5,
      "critical": 0,
      "total": 5
    },
    "dependencies": {
      "prod": 391,
      "dev": 846,
      "optional": 98,
      "peer": 3,
      "peerOptional": 0,
      "total": 1256
    }
  }
}
