{"version":"1.141.1","results":[],"errors":[{"code":2,"level":"warn","type":"Timeout","rule_id":"javascript.browser.security.open-redirect.js-open-redirect","message":"Timeout when running javascript.browser.security.open-redirect.js-open-redirect on docs/static/js/main.9630dff7.js:\n ","path":"docs/static/js/main.9630dff7.js"},{"code":2,"level":"warn","type":"Timeout","rule_id":"javascript.express.security.audit.express-open-redirect.express-open-redirect","message":"Timeout when running javascript.express.security.audit.express-open-redirect.express-open-redirect on docs/static/js/main.9630dff7.js:\n ","path":"docs/static/js/main.9630dff7.js"},{"code":2,"level":"warn","type":"Timeout","rule_id":"javascript.lang.security.audit.code-string-concat.code-string-concat","message":"Timeout when running javascript.lang.security.audit.code-string-concat.code-string-concat on docs/static/js/main.9630dff7.js:\n ","path":"docs/static/js/main.9630dff7.js"},{"code":2,"level":"warn","type":"Timeout","rule_id":"javascript.browser.security.open-redirect.js-open-redirect","message":"Timeout when running javascript.browser.security.open-redirect.js-open-redirect on frontend/docs/static/js/main.9630dff7.js:\n ","path":"frontend/docs/static/js/main.9630dff7.js"},{"code":2,"level":"warn","type":"Timeout","rule_id":"javascript.express.security.audit.express-open-redirect.express-open-redirect","message":"Timeout when running javascript.express.security.audit.express-open-redirect.express-open-redirect on frontend/docs/static/js/main.9630dff7.js:\n ","path":"frontend/docs/static/js/main.9630dff7.js"},{"code":2,"level":"warn","type":"Timeout","rule_id":"javascript.lang.security.audit.code-string-concat.code-string-concat","message":"Timeout when running javascript.lang.security.audit.code-string-concat.code-string-concat on frontend/docs/static/js/main.9630dff7.js:\n ","path":"frontend/docs/static/js/main.9630dff7.js"},{"code":3,"level":"warn","type":["PartialParsing",[{"path":"Dockerfile","start":{"line":28,"col":1,"offset":0},"end":{"line":32,"col":21,"offset":147}}]],"message":"Syntax error at line Dockerfile:28:\n `HEALTHCHECK --interval=30s --timeout=3s --start-period=5s --retries=3 \\\r\n  CMD node healthcheck.js\r\n\r\n# Start the application\r\nCMD [\"npm\", \"start\"]` was unexpected","path":"Dockerfile","spans":[{"file":"Dockerfile","start":{"line":28,"col":1,"offset":0},"end":{"line":32,"col":21,"offset":147}}]},{"code":3,"level":"warn","type":["PartialParsing",[{"path":"docs/tiktok-demo.html","start":{"line":23,"col":122,"offset":0},"end":{"line":23,"col":137,"offset":15}},{"path":"docs/tiktok-demo.html","start":{"line":104,"col":29,"offset":0},"end":{"line":104,"col":41,"offset":12}},{"path":"docs/tiktok-demo.html","start":{"line":109,"col":37,"offset":0},"end":{"line":117,"col":96,"offset":765}},{"path":"docs/tiktok-demo.html","start":{"line":132,"col":19,"offset":0},"end":{"line":132,"col":42,"offset":23}}]],"message":"Syntax error at line docs/tiktok-demo.html:23:\n `& contact info.` was unexpected","path":"docs/tiktok-demo.html","spans":[{"file":"docs/tiktok-demo.html","start":{"line":23,"col":122,"offset":0},"end":{"line":23,"col":137,"offset":15}},{"file":"docs/tiktok-demo.html","start":{"line":104,"col":29,"offset":0},"end":{"line":104,"col":41,"offset":12}},{"file":"docs/tiktok-demo.html","start":{"line":109,"col":37,"offset":0},"end":{"line":117,"col":96,"offset":765}},{"file":"docs/tiktok-demo.html","start":{"line":132,"col":19,"offset":0},"end":{"line":132,"col":42,"offset":23}}]},{"code":3,"level":"warn","type":["PartialParsing",[{"path":"frontend/src/UserDashboard_full.js","start":{"line":918,"col":80,"offset":0},"end":{"line":918,"col":92,"offset":12}},{"path":"frontend/src/UserDashboard_full.js","start":{"line":934,"col":84,"offset":0},"end":{"line":934,"col":96,"offset":12}},{"path":"frontend/src/UserDashboard_full.js","start":{"line":1209,"col":30,"offset":0},"end":{"line":1209,"col":39,"offset":9}}]],"message":"Syntax error at line frontend/src/UserDashboard_full.js:918:\n `& analytics.` was unexpected","path":"frontend/src/UserDashboard_full.js","spans":[{"file":"frontend/src/UserDashboard_full.js","start":{"line":918,"col":80,"offset":0},"end":{"line":918,"col":92,"offset":12}},{"file":"frontend/src/UserDashboard_full.js","start":{"line":934,"col":84,"offset":0},"end":{"line":934,"col":96,"offset":12}},{"file":"frontend/src/UserDashboard_full.js","start":{"line":1209,"col":30,"offset":0},"end":{"line":1209,"col":39,"offset":9}}]}],"paths":{"scanned":[".dockerignore",".env.backup-20250904-093838",".env.example",".firebase/hosting.ZnJvbnRlbmRcYnVpbGQ.cache",".firebaserc",".gitattributes",".github/workflows/ci.yml",".github/workflows/codeql-analysis.yml",".github/workflows/deploy.yml",".github/workflows/github-pages.yml",".gitignore",".gitignore_local",".well-known/tiktok-verify.txt","ADMIN_DATABASE_INTEGRATION.md","AUTHENTICATION_FIX.md","AUTHENTICATION_README.md","App.css","App.js","CONTENT_ROUTES_UPDATE_TODO.md","CUSTOM_TOKEN_EXCHANGE_GUIDE.md","Combined_Render_Evidence.pdf","DATABASE_SCHEMA_UPDATE_TODO.md","DEBUG_LOGIN_ENDPOINT.md","DEPLOYMENT_CHECKLIST.md","Dockerfile","ENV_SETUP_GUIDE.md","FIREBASE_AUTH_FIX.md","FIREBASE_AUTH_SETUP.md","FIREBASE_SETUP.md","FIRESTORE_INDEXES.md","FIRESTORE_MODEL.md","FIRESTORE_SCHEMA.md","GITHUB_PAGES_DEPLOYMENT_FIX.md","GITHUB_PAGES_DEPLOYMENT_GUIDE.md","INTEGRATION_TESTING.md","LOGIN_ENDPOINT_FIX.md","LoginForm.js","MFA_Policy_OnePage.pdf","MISSING_FEATURES_IMPLEMENTATION_PLAN.md","MONETIZATION_API.md","PHASE3_IMPLEMENTATION_DETAILED_TODO.md","PHASE3_IMPLEMENTATION_PLAN.md","PHASE3_IMPLEMENTATION_STATUS.md","PHASE3_TODO.md","PLATFORM_INTEGRATIONS_ENV.md","PROMOTION_TABLE_FIX_TODO.md","README-ADMIN.md","README.md","REGENERATE_CREDENTIALS.md","RENDER_DEPLOYMENT_FIX.md","RENDER_ENV_SETUP.md","RENDER_SETUP_INSTRUCTIONS.md","RUNNING_TESTS.md","Render_MFA_Evidence_onepage.pdf","Run-IntegrationTests.ps1","SECURITY.md","SECURITY_ALERT.md","SETUP_INSTRUCTIONS.md","SNAPCHAT_APP_REVIEW_EXPLANATION.md","SNAPCHAT_APP_REVIEW_SHORT.md","SNAPCHAT_INTEGRATION_GUIDE.md","SUPABASE_SETUP.md","Start-Tests.ps1","TERMS.md","TERMS_SUMMARY.md","TESTING_GUIDE.md","TEST_SUITE_README.md","TODO.md","TODO_PROMOTION_UI.md","TROUBLESHOOTING_401.md","TestConsole.css","TestConsole.js","TodoApp/.gitignore","TodoApp/App.js","TodoApp/app.json","TodoApp/assets/adaptive-icon.png","TodoApp/assets/favicon.png","TodoApp/assets/icon.png","TodoApp/assets/splash-icon.png","TodoApp/index.js","TodoApp/package-lock.json","TodoApp/package.json","UPDATED_FIRESTORE_SCHEMA.md","YOUTUBE_OAUTH_SETUP.md","abTestingService.js","admin-endpoints-test-results.json","admin-login-firestore-test.js","admin-login-test.js","adminAnalyticsRoutes.js","adminAnalyticsRoutes.js.new","adminRoutes.js","adminRoutes.js.new","adminRoutes.js.old","adminTestRoutes.js","advanced-test.js","analyticsController.js","analyticsRoutes.js","analyticsRoutes.js.new","analyticsRoutes.js.old","app_review_package/facebook_app_review_api_commands.txt","app_review_package/facebook_app_review_user_videos_README.txt","app_review_package/me_videos.json","app_review_package_temp/facebook_app_review_api_commands.txt","app_review_package_temp/facebook_app_review_user_videos_README.txt","app_review_package_temp/me_videos.json","auth-fix.js","authMiddleware.js","authRoutes.js","auto_record.ps1","auto_record_and_capture.ps1","autopromote-functions/.eslintrc.js","autopromote-functions/.gitignore","autopromote-functions/facebookOAuth.js","autopromote-functions/index.js","autopromote-functions/monetizedLandingPage.js","autopromote-functions/package-lock.json","autopromote-functions/package.json","autopromote-functions/promotionTemplates.js","autopromote-functions/referralSystem.js","autopromote-functions/revenueAttribution.js","autopromote-functions/smartLinkTracker.js","autopromote-functions/socialAutoPromotion.js","autopromote-functions/socialPlatformHelpers.js","autopromote-functions/tiktokOAuth.js","autopromote-functions/youtubeOAuth.js","autopromote-functions/youtubeUploader.js","backend/adminAnalyticsRoutes.js","backend/adminRoutes.js","backend/adminTestRoutes.js","backend/analyticsRoutes.js","backend/authMiddleware.js","backend/authRoutes.js","backend/contentController.js","backend/contentQualityCheck.js","backend/contentRoutes.js","backend/db.js","backend/healthcheck.js","backend/monetizationService.js","backend/optimizationService.js","backend/paypalClient.js","backend/promotionService.js","backend/routes/monetizationRoutes.js","backend/server.js","backend/userController.js","backend/userRoutes.js","backend/validationMiddleware.js","backfillPromotionSchedules.js","build-only-no-push.bat","check-admin-claims.js","check-admin-collection.js","check-admin-credentials.js","check-admin-login-endpoint.js","check-admin-password.js","check-admin-user.js","check-connection.js","check-cors.js","check-firebase-setup.js","check-firestore-permissions.js","check-health.js","check-landing-page-result.js","check-readiness.js","check-rls-policies.js","checkAutoPromoteStatus.js","checkDatabaseConnection.js","checkDatabaseConnectionDebug.js","clean-gh-pages-cache.bat","codeql-alerts-summary.json","codeql-sarif.json","config/apiConfig.js","config/firebase.js","config/firebaseClient.js","contentAnalysisService.js","contentController.js","contentQualityCheck.js","contentRoutes.js","cors.json","create-admin-user.js","create-auth-user.js","create-custom-admin.js","create-fresh-admin.js","create-new-admin-users.js","create-personal-account.js","create-promotion-schedules-only.js","create-simple-user.js","create-specific-admin.js","create-tables-via-usage.js","create-test-admin.js","create-test-content.js","create-test-firebase-users.js","create-test-user.js","create-user.js","create_app_review_package.ps1","create_combined_evidence_pdf.py","create_package.ps1","create_pdf_onepage.py","create_policy_pdf.py","database-check-results.json","dataconnect/connector/connector.yaml","dataconnect/connector/mutations.gql","dataconnect/connector/queries.gql","dataconnect/dataconnect.yaml","dataconnect/schema/schema.gql","db.js","debug-env.js","debug-token.js","delete-user.js","delete-users-batch.js","deploy-admin-fix.bat","deploy-complete-with-fixes.bat","deploy-to-github-pages.bat","deploy-with-env-fix.bat","diagnose-firebase-setup.js","diagnose-permissions.js","docs/.well-known/REDEPLOY_TRIGGER.txt","docs/.well-known/security.txt","docs/.well-known/tiktok-developers-site-verification.txt","docs/.well-known/tiktok-site-verification.txt","docs/.well-known/tiktok-verify.txt","docs/.well-known/tiktokIZ1dfuZHB322K1fatGJzTH2vc1Y59S3b.txt","docs/.well-known/tiktokSATLrymQBGL5NQDmpwRAzSEwTk8iWP3F.txt","docs/TIKTOK_RESUBMISSION_CHECKLIST.md","docs/asset-manifest.json","docs/audit-logs-collection-review-policy.md","docs/code-backend-updates-policy.md","docs/data-deletion.html","docs/encryption-at-rest-evidence.md","docs/facebook-evidence-cover.md","docs/favicon.svg","docs/index.html","docs/mfa-account-protection-policy.md","docs/mock/tiktok_oauth_frontend.html","docs/no-platform-data-on-personal-devices-policy.md","docs/privacy.html","docs/security-event-investigation-policy.md","docs/security.html","docs/static/css/main.c423c217.css","docs/static/css/main.c423c217.css.map","docs/static/js/main.9630dff7.js","docs/static/js/main.9630dff7.js.LICENSE.txt","docs/terms.html","docs/tiktok-demo.html","docs/upload-instructions.md","docs/vulnerability-testing-policy.md","enhanced-fix-github-pages.js","evidence/_preview/audit-logs-collection-review-policy.md","evidence/_preview/automated-alert.md","evidence/_preview/code-backend-updates-policy.md","evidence/_preview/dependency-scan-report.txt","evidence/_preview/dependency-vulns.csv","evidence/_preview/dependency_scan_report_1761920378.58141.html","evidence/_preview/dependency_scan_report_20251031142034.html","evidence/_preview/facebook-evidence-cover.md","evidence/_preview/npm-audit.json","evidence/_preview/npm-deps.json","evidence/_preview/npm_audit_1761920378.58141.html","evidence/_preview/npm_audit_20251031142034.html","evidence/_preview/sample-admin-audit-log.csv","evidence/_preview/sample-alert.txt","evidence/_preview/security-event-investigation-policy.md","evidence/_preview/upload-instructions.md","evidence/alerts_auditLogs_1761911513933.txt","evidence/alerts_auditLogs_1761911513933_slack.json","evidence/alerts_auditLogs_1761911513933_slack_redacted.json","evidence/auditLogs_evidence_1761910530240.json","evidence/auditLogs_evidence_1761910644656.json","evidence/auditLogs_evidence_1761910644656_redacted.json","evidence/automated-alert.md","evidence/dependency-scan-report.txt","evidence/dependency-scan-snyk-report_20251031145150.txt","evidence/dependency-vulns.csv","evidence/dependency_scan_root_.json","evidence/evidence_bundle.zip","evidence/evidence_bundle_final.zip","evidence/evidence_bundle_with_snyk.zip","evidence/highlighted_pdfs/admin-logs-attributes.pdf","evidence/highlighted_pdfs/audit-logs-collection-review-policy.pdf","evidence/highlighted_pdfs/automated-alert.pdf","evidence/highlighted_pdfs/code-backend-updates-policy.pdf","evidence/highlighted_pdfs/dependency-scan-report.pdf","evidence/highlighted_pdfs/dependency-vulns.pdf","evidence/highlighted_pdfs/encryption-at-rest-evidence.pdf","evidence/highlighted_pdfs/facebook-evidence-cover.pdf","evidence/highlighted_pdfs/host_inventory.pdf","evidence/highlighted_pdfs/mfa-account-protection-evidence.pdf","evidence/highlighted_pdfs/mfa-account-protection-policy-regenerated.pdf","evidence/highlighted_pdfs/mfa-account-protection-policy.pdf","evidence/highlighted_pdfs/no-platform-data-on-personal-devices-policy.pdf","evidence/highlighted_pdfs/policy_bundle.pdf","evidence/highlighted_pdfs/sample-admin-audit-log.pdf","evidence/highlighted_pdfs/screenshot_1.pdf","evidence/highlighted_pdfs/screenshot_2.pdf","evidence/highlighted_pdfs/screenshot_3.pdf","evidence/highlighted_pdfs/security-event-investigation-policy.pdf","evidence/highlighted_pdfs/server_patch_log.pdf","evidence/highlighted_pdfs/vulnerability-testing-policy.pdf","evidence/npm-audit.json","evidence/npm-deps.json","evidence/pdf_alerts_auditLogs_1761911513933.html","evidence/pdf_alerts_auditLogs_1761911513933_slack.html","evidence/pdf_auditLogs_evidence_1761910644656_redacted.html","evidence/sample-admin-audit-log.csv","evidence/sample-alert.txt","evidence/snyk_monitor_.json","evidence/snyk_test_.json","evidence/zips/1_audit-review-policy.zip","evidence/zips/2_audit-review-weekly.zip","evidence/zips/3_automated-monitoring-evidence.zip","evidence/zips/4_admin-logs-collection.zip","evidence/zips/5_admin-logs-attributes.zip","evidence/zips/6_dependency-scan.zip","evidence/zips/7_code-backend-updates.zip","evidence/zips/8_review-process-screenshots.zip","execute-schema-sql.js","exportFirestore.js","facebookPoster.js","facebook_app_review/bundle_for_upload.md","facebook_app_review/data_protection_policy.md","facebook_app_review/data_protection_policy_Thulani_Mtshwelo.rtf","facebook_app_review/evidence_instructions.md","facebook_app_review/evidence_screenshot_host_inventory.svg","facebook_app_review/evidence_screenshot_policy_bundle.svg","facebook_app_review/evidence_screenshot_server_patch_log.svg","facebook_app_review/host_inventory.png","facebook_app_review/host_inventory_example.csv","facebook_app_review/no_mobile_platform_data_statement.md","facebook_app_review/policy_bundle.png","facebook_app_review/screenshot_and_redaction_instructions.md","facebook_app_review/server_patch_log.png","facebook_app_review/server_patch_log_example.txt","facebook_app_review/system_patch_evidence_instructions.md","facebook_app_review/system_patch_policy.md","facebook_app_review_api_commands.txt","facebook_app_review_fetch_api_outputs.ps1","facebook_app_review_fetch_api_outputs_fixed.ps1","facebook_app_review_run_simple.ps1","facebook_app_review_user_videos_README.txt","final-promotion-test.js","firebase-auth-fix.js","firebase-auth-test.js","firebase-diagnostics.js","firebase-promotion-test.js","firebase.json","firebaseAdmin.js","firebaseAdmin.js.new","firebaseClient.js","firebaseConfig.js","firebaseConfig.server.js","firestore-export.json","firestore-production.rules","firestore.indexes.json","firestore.rules","firestoreTestWrite.js","fix-cors.js","fix-failed-fetch.js","fix-github-pages-api-urls.js","fix-github-pages-deployment.js","frontend/.env","frontend/.env.development","frontend/.env.production","frontend/.gitignore","frontend/codeql-alerts.json","frontend/codeql-sarif.json","frontend/docs/asset-manifest.json","frontend/docs/favicon.svg","frontend/docs/index.html","frontend/docs/static/css/main.c423c217.css","frontend/docs/static/css/main.c423c217.css.map","frontend/docs/static/js/main.9630dff7.js","frontend/docs/static/js/main.9630dff7.js.LICENSE.txt","frontend/fix-github-pages.js","frontend/fix-github-pages.md","frontend/package-lock.json","frontend/package.json","frontend/public/favicon.svg","frontend/public/image.png","frontend/public/index.html","frontend/public/tiktokQoeAQQ5ZXoT1K8HAs2g0UFMDVSrC54hx.txt","frontend/public/welcome-illustration.svg","frontend/src/AdminDashboard.css","frontend/src/AdminDashboard.js","frontend/src/AdminLoginFix.js","frontend/src/AdminLoginForm.js","frontend/src/AdminLoginForm.js.new","frontend/src/App.css","frontend/src/App.js","frontend/src/Auth.css","frontend/src/AuthSwitcher.js","frontend/src/ContentList.js","frontend/src/ContentUploadForm.css","frontend/src/ContentUploadForm.js","frontend/src/FirebaseDebug.js","frontend/src/LoginForm.js","frontend/src/RegisterForm.js","frontend/src/UserDashboard.css","frontend/src/UserDashboard.js","frontend/src/UserDashboard_clean.js","frontend/src/UserDashboard_full.js","frontend/src/WelcomePage.css","frontend/src/WelcomePage.js","frontend/src/components/ActivityFeed.js","frontend/src/components/AdminChart.js","frontend/src/components/AdminTable.js","frontend/src/components/ContentPerformance.js","frontend/src/components/DatabaseSync.js","frontend/src/components/EnvChecker.js","frontend/src/components/EnvTest.js","frontend/src/components/IntegrationTester.js","frontend/src/components/StatCard.js","frontend/src/components/VariantAdminPanel.js","frontend/src/config/apiConfig.js","frontend/src/config.js","frontend/src/create-admin-user.js","frontend/src/envCheck.js","frontend/src/firebaseClient.js","frontend/src/firebaseConfig.js","frontend/src/firebaseConnectionChecker.js","frontend/src/firebaseErrorHandler.js","frontend/src/index.js","frontend/src/mockAnalyticsData.js","frontend/src/paymentsHelper.js","frontend/src/utils/dbSchemaSync.js","frontend/src/utils/testIntegration.js","generate-hash.js","generate-secret.js","generateSampleData.js","importFirestore.js","improved-github-pages-deploy.bat","index.html","insertTestDashboardData.js","lib/uuid-compat.js","manual-deploy-to-github-pages.bat","me_accounts.json","me_videos.json","migrate-schema.js","migrate-to-firebase.js","migrations/2025-09-01-add-withdrawals.sql","minimal-express-server.js","monetizationService.js","npm-audit.json","optimizationService.js","package-lock.json","package.json","page_videos.json","paypalClient.js","platformAutomation.js","prelogin_snippet.html","promotionService.js","public/.well-known/tiktok-developers-site-verification.txt","public/.well-known/tiktok-site-verification.txt","public/.well-known/tiktokIZ1dfuZHB322K1fatGJzTH2vc1Y59S3b.txt","public/.well-known/tiktokSATLrymQBGL5NQDmpwRAzSEwTk8iWP3F.txt","public/404.html","public/admin-login.html","public/admin-test.html","public/index.html","public/tiktokQoeAQQ5ZXoT1K8HAs2g0UFMDVSrC54hx.txt","quick-login-test.js","recreate-admin-improved.js","recreate-admin-verbose.js","recreate-admin.js","recreate-all-users.js","reset-password.js","restart-server.js","restore-register-form.js","routes/monetizationRoutes.js","routes/stripeOnboardRoutes.js","routes/withdrawalRoutes.js","run-integration-tests.bat","runTests.js","sample-data-status.json","saved_keys.txt","scripts/README_SCA.md","scripts/backfillClickCounters.js","scripts/checkFirebaseCredentials.js","scripts/check_autopromote.ps1","scripts/check_autopromote_response.txt","scripts/computeVariantQuality.js","scripts/copy-screenshot-pdfs.ps1","scripts/copy-upload-pdfs.ps1","scripts/createTestAudit.js","scripts/create_evidence_bundle.ps1","scripts/create_snyk_bundle.ps1","scripts/detectSuspicious.js","scripts/exportAuditEvidence.js","scripts/filterEvidence.js","scripts/generate-dependency-scan.ps1","scripts/generate-evidence.ps1","scripts/generateSecret.js","scripts/get-tiktok-lastAuthUrl.js","scripts/open-demo-tabs.bat","scripts/open-demo-tabs.ps1","scripts/pdf-tool/compose-mfa-evidence.js","scripts/pdf-tool/generate.js","scripts/pdf-tool/images-to-pdfs.js","scripts/pdf-tool/make-numbered-screenshots.ps1","scripts/pdf-tool/package-lock.json","scripts/pdf-tool/package.json","scripts/pdf-tool/regenerate-mfa.js","scripts/peekCollection.js","scripts/preflight-critical-files.js","scripts/print_evidence_to_pdf.ps1","scripts/print_with_puppeteer.js","scripts/rebuild-zips.ps1","scripts/rebuildVariantStats.js","scripts/reconcilePayouts.js","scripts/record-demo.playwright.js","scripts/replayDeadLetterTasks.js","scripts/require-all-src.js","scripts/run_blackduck.ps1","scripts/run_mend.ps1","scripts/run_sonatype.ps1","scripts/securityAudit.js","scripts/set-telegram-webhook.js","scripts/start-demo.js","scripts/test-terms-flow.js","scripts/tokenTest.js","scripts/update_bundle_with_snyk.ps1","server-check.js","server.js","services_out.txt","setAdminClaims.js","setup-admin-claims.js","setup-admin-collection.js","setup-admin-user.js","setup-admin-users.js","setup-collections.js","setup-firestore-collections.js","setup-firestore-for-user.js","setup-test-users.js","setupFirebase.js","setupFirestoreSchema.js","simple-test-server.js","simple-test.js","src/__tests__/all.features.integration.test.js","src/__tests__/contentUpload.integration.test.js","src/__tests__/contentUpload.integration.test.js.new","src/__tests__/firestore.connectivity.test.js","src/__tests__/platform.features.integration.test.js","src/adminAnalyticsRoutes.js","src/adminRoutes.js","src/adminTestRoutes.js","src/analyticsRoutes.js","src/authMiddleware.js","src/authRoutes.js","src/contentController.js","src/contentQualityCheck.js","src/contentRoutes.js","src/firebaseAdmin.js","src/firebaseConfig.server.js","src/healthcheck.js","src/middleware/rateLimit.js","src/middleware/validate.js","src/middlewares/adminOnly.js","src/middlewares/distributedRateLimiter.js","src/middlewares/globalRateLimiter.js","src/middlewares/platformConcurrencyLock.js","src/middlewares/rateLimitBasic.js","src/middlewares/requestContext.js","src/middlewares/requireAcceptedTerms.js","src/middlewares/securityHeaders.js","src/middlewares/simpleRateLimit.js","src/mock/tiktok_oauth_frontend.html","src/mock/tiktok_share_backend.js","src/monetizationService.js","src/optimizationService.js","src/paypalClient.js","src/promotionService.js","src/routes/adminAlertsRoutes.js","src/routes/adminBanditRoutes.js","src/routes/adminCacheRoutes.js","src/routes/adminConfigRoutes.js","src/routes/adminDashboardRoutes.js","src/routes/adminEmailVerificationRoutes.js","src/routes/adminMetricsRoutes.js","src/routes/adminOpsRoutes.js","src/routes/adminSecurityRoutes.js","src/routes/aggregateStatusRoutes.js","src/routes/billingRoutes.js","src/routes/captionsRoutes.js","src/routes/engagementRoutes.js","src/routes/facebookRoutes.js","src/routes/instagramRoutes.js","src/routes/metricsRoutes.js","src/routes/monetizationRoutes.js","src/routes/notificationsRoutes.js","src/routes/paymentsExtendedRoutes.js","src/routes/paymentsStatusRoutes.js","src/routes/paypalWebhookRoutes.js","src/routes/platformConnectionsRoutes.js","src/routes/platformRoutes.js","src/routes/profileDefaultsRoutes.js","src/routes/promotionTaskRoutes.js","src/routes/repostRoutes.js","src/routes/shortlinkRoutes.js","src/routes/stripeOnboardRoutes.js","src/routes/stripeWebhookRoutes.js","src/routes/tiktokRoutes.js","src/routes/twitterAuthRoutes.js","src/routes/variantAdminRoutes.js","src/routes/variantStrategyStatsRoutes.js","src/routes/viralGrowthRoutes.js","src/routes/withdrawalRoutes.js","src/routes/youtubeRoutes.js","src/server.js","src/services/abTestingEngine.js","src/services/aggregationService.js","src/services/alertingService.js","src/services/algorithmExploitationEngine.js","src/services/analyticsExportEngine.js","src/services/apiIntegrationEngine.js","src/services/attributionUpdater.js","src/services/auditLogger.js","src/services/banditTuningService.js","src/services/boostChainEngine.js","src/services/captionsService.js","src/services/coachingEngine.js","src/services/collaborationEngine.js","src/services/communityEngine.js","src/services/configService.js","src/services/contentIdeaEngine.js","src/services/contentPreviewEngine.js","src/services/contentQualityEnhancer.js","src/services/contentRepurposingEngine.js","src/services/crossPostEngine.js","src/services/dailyRollupService.js","src/services/dashboardWidgetEngine.js","src/services/deepAnalyticsEngine.js","src/services/discordService.js","src/services/distributed/distributedCache.js","src/services/distributed/redisClient.js","src/services/dreamChangerEngine.js","src/services/earningsService.js","src/services/emailProviders.js","src/services/emailService.js","src/services/engagementBoostingService.js","src/services/engagementIngestionService.js","src/services/eventRecorder.js","src/services/explorationControllerService.js","src/services/feedbackDashboardEngine.js","src/services/fraudDetectionEngine.js","src/services/growthAssuranceTracker.js","src/services/growthGuaranteeBadge.js","src/services/hashtagEngine.js","src/services/influencerBoostEngine.js","src/services/instagramPublisher.js","src/services/linkedinService.js","src/services/logger.js","src/services/metadataOptimizer.js","src/services/metricsRecorder.js","src/services/monetizationService.js","src/services/notificationEngine.js","src/services/optimizationService.js","src/services/payments/balanceService.js","src/services/payments/index.js","src/services/payments/manualProvider.js","src/services/payments/paypalProvider.js","src/services/payments/providerInterface.js","src/services/payments/stripeProvider.js","src/services/pinterestService.js","src/services/planService.js","src/services/platformIntegrationEngine.js","src/services/platformMetricsService.js","src/services/platformPoster.js","src/services/platformPostsService.js","src/services/platformStatsPoller.js","src/services/promotionOptimizerService.js","src/services/promotionTaskQueue.js","src/services/rateLimitTracker.js","src/services/redditService.js","src/services/referralGrowthEngine.js","src/services/repostDrivenEngine.js","src/services/repostSchedulerService.js","src/services/retryRepackageEngine.js","src/services/secretVault.js","src/services/sentimentModerationEngine.js","src/services/settingsService.js","src/services/shortlinkService.js","src/services/smartDistributionEngine.js","src/services/spotifyService.js","src/services/statusRecorder.js","src/services/subscriptionSyncService.js","src/services/telegramService.js","src/services/tiktokService.js","src/services/tutorialEngine.js","src/services/twitterMetricsService.js","src/services/twitterService.js","src/services/usageLedgerService.js","src/services/userDefaultsCache.js","src/services/userSegmentation.js","src/services/variantGenerationProviders.js","src/services/variantQualityService.js","src/services/variantRegeneratorService.js","src/services/variantStatsService.js","src/services/viralImpactEngine.js","src/services/viralInsuranceEngine.js","src/services/workerLockService.js","src/services/youtubeService.js","src/services/youtubeStatsPoller.js","src/snapchatRoutes.js","src/statusInstrument.js","src/userController.js","src/userRoutes.js","src/utils/docSigner.js","src/utils/envValidator.js","src/utils/inFlight.js","src/utils/keepAliveAgents.js","src/utils/queryMetrics.js","src/utils/simpleCache.js","src/utils/ssrfGuard.js","src/validationMiddleware.js","start-server.js","storage.rules","supabaseClient.js","sync-system-clock.bat","system-test-results.json","system-test.js","test-add-content.js","test-admin-auth.js","test-admin-dashboard.js","test-admin-endpoints.js","test-admin-login-direct.js","test-admin-login.js","test-admin-setup.js","test-admin-simple.js","test-admin-ui.js","test-algorithm-exploitation.js","test-api-connection.js","test-api.js","test-auth-middleware.js","test-auto-promote.js","test-backend-connection.js","test-backend-connectivity.js","test-complete-flow-with-validation.js","test-complete-upload-flow.js","test-content-flow-simple.js","test-content-flow.js","test-content-upload-complete.js","test-content-upload-debug.js","test-content-upload-endpoint.js","test-content-upload-with-token.js","test-core-functionality.js","test-edge-cases.js","test-error-scenarios.js","test-firebase-auth.js","test-firebase-connection.js","test-firebase-connectivity.bat","test-firebase-integration.js","test-firestore-collections.js","test-firestore-connection.js","test-firestore-details.js","test-firestore-setup.js","test-firestore-write.js","test-firestore.js","test-hello-world.js","test-html-content.js","test-id-token-flow.js","test-id-token-verification.js","test-landing-page-content-types.js","test-landing-page-intent.js","test-login.js","test-migration.js","test-monetized-landing-page.js","test-new-features.js","test-port-8080.js","test-production-rules.js","test-promotion-fresh.js","test-promotion-service.js","test-promotion-templates.js","test-promotion-triggers-simulated.js","test-promotion-triggers.js","test-promotion.js","test-read.js","test-referral-system.js","test-registration-login.js","test-results/admin-queries-2025-09-04T12-01-14-729Z.json","test-results/admin-queries-2025-09-04T12-01-35-929Z.json","test-results/admin-queries-2025-09-04T12-01-41-883Z.json","test-revenue-attribution.js","test-server-comprehensive.js","test-server-only.js","test-simple-write.js","test-smart-link-intent.js","test-storage.js","test-token-debug.js","test-token-exchange-flow.js","test-token-verification.js","test-upload-debug.js","test-upload-with-curl.sh","test-upload-with-user-token.js","test-uploadVideoToYouTube-callable.js","test-uploadVideoToYouTube-simple.js","test-uploadVideoToYouTube.js","test-validation-debug.js","test-validation-middleware.js","test-validation-simple.js","test-youtube-upload.js","testAdminQueries.js","test_out.txt","tiktokRoutes.js","tiktok_verify.txt","tools/svg-to-png.js","trim_recording.ps1","update-credentials.ps1","updateContentStatus.js","upload_response.json","userController.js","userRoutes.js","validate-firebase-setup.js","validationMiddleware.js","verify-api-key.js","verify-env-setup.js","verify-firebase-setup.js","worker.js","youtube_demo_notes.txt"]},"time":{"rules":[],"rules_parse_time":7.623600959777832,"profiling_times":{"config_time":2.9313457012176514,"core_time":181.83015084266663,"ignores_time":0.0008420944213867188,"total_time":184.76536631584167},"parsing_time":{"total_time":0.0,"per_file_time":{"mean":0.0,"std_dev":0.0},"very_slow_stats":{"time_ratio":0.0,"count_ratio":0.0},"very_slow_files":[]},"scanning_time":{"total_time":90.10199546813965,"per_file_time":{"mean":0.04194692526449709,"std_dev":0.05614983503300863},"very_slow_stats":{"time_ratio":0.2795981193239245,"count_ratio":0.0037243947858473},"very_slow_files":[{"fpath":"docs/static/js/main.9630dff7.js","ftime":1.5379009246826172},{"fpath":"frontend/package-lock.json","ftime":1.5588428974151611},{"fpath":"package-lock.json","ftime":2.044100046157837},{"fpath":"docs/static/js/main.9630dff7.js","ftime":2.180272102355957},{"fpath":"frontend/docs/static/js/main.9630dff7.js","ftime":2.684807062149048},{"fpath":"frontend/src/UserDashboard_full.js","ftime":3.12286114692688},{"fpath":"docs/static/js/main.9630dff7.js","ftime":5.53124213218689},{"fpath":"frontend/docs/static/js/main.9630dff7.js","ftime":6.53232216835022}]},"matching_time":{"total_time":0.0,"per_file_and_rule_time":{"mean":0.0,"std_dev":0.0},"very_slow_stats":{"time_ratio":0.0,"count_ratio":0.0},"very_slow_rules_on_files":[]},"tainting_time":{"total_time":0.0,"per_def_and_rule_time":{"mean":0.0,"std_dev":0.0},"very_slow_stats":{"time_ratio":0.0,"count_ratio":0.0},"very_slow_rules_on_defs":[]},"fixpoint_timeouts":[{"error_type":"Fixpoint timeout","severity":"warn","message":"Fixpoint timeout while performing taint analysis at src/authRoutes.js:1:0 [rules: 1, first: javascript.express.security.audit.express-open-redirect.express-open-redirect]","location":{"path":"src/authRoutes.js","start":{"line":1,"col":1,"offset":0},"end":{"line":1,"col":1,"offset":0}}}],"prefiltering":{"project_level_time":0.0,"file_level_time":0.0,"rules_with_project_prefilters_ratio":0.0,"rules_with_file_prefilters_ratio":0.996215306980656,"rules_selected_ratio":0.019133725820016823,"rules_matched_ratio":0.019133725820016823},"targets":[],"total_bytes":0,"max_memory_bytes":235489408},"engine_requested":"OSS","skipped_rules":[]}